{"App Name": "Keyboard Designer", "App Website": "www.keyboarddesigner.com", "DateTime": "2024-06-16 00:40:41", "Designs": [{"Name":"NewOrthoEngViet","Type":0,"JDID":0,"Rows":5,"BSpa":89,"HiPo":31,"HiLa":35,"STPe":100,"STTi":250,"DHol":210,"FoSi":42,"KWPe":1,"ID":"80127b4a-0125-479b-90f2-f520e6e24e5b","Lang":"EN","SySh":"||7|||||||||","SSFS":50,"RCoP":46,"CoBa":"#002600","CoPo":"#A7CAE7","CoUn":"#9F4336","KSKe":{"Back":"#10493AA8|10583AB3|2|50|44|100|0","Fore":"#B3EBDE","SubF":"#80AAA5"},"KSPo":{"Back":"#00896C","Fore":"#DFFF9F","SubF":"#A17D70"},"KSMa":{"Back":"#288043","Fore":"#A3FFCB","SubF":"#9FCFB2","BoTo":"#DF0000","BoLe":"#FF0000"},"Magn":{"Heig":54,"WiCh":60,"WiCu":26,"WiBo":3,"FoSi":100,"Usag":1,"CuCu":"#900A28","FChU":2,"FChD":1,"FCuU":3,"FCuD":3,"SChU":"21F5","SChD":"2327","SCuU":"21F5","SCuD":"2327","OCuU":"002E","OCuD":"0020"},"WoBa":{"Posi":1,"Heig":70,"FoSi":100,"SeWi":100,"LaSi":100,"TeNO":"#FF4444","TeMi":"#4444FF","LaOK":"#44FF44","LaNO":"#FF4444","LaTe":"#FFFFFF","AKLa":{"PRNO":{"Type":2}},"AKSu":{"PROK":{"Type":5},"PRNO":{"Type":5},"HOOK":{"Type":3},"HONO":{"Type":3},"DOOK":{"Type":4},"DONO":{"Type":4}},"AKCu":{"Keys":[]},"Sett":"0|0|1|1|1"},"EmSe":{"CoCB":{"CoCo":"#FFFFFF"},"KeHe":90,"AcWi":75,"FHSi":110,"SkSe":true},"Modes":[{"Name":"Lowercase letters","JMID":0,"PoTe":true,"LaTe":true},{"Name":"Capital letters","JMID":1,"PoCa":true,"LaCa":true},{"Name":"Special characters","JMID":2},{"Name":"Special Chars L2","JMID":3}],"Keys":[{"ColN":0,"RowN":0,"FuPr":[{"JMID":1,"FTyp":2,"Symb":"00230021003D","TMod":"fefe33fe-b6f7-4f0a-86ec-5bb7fe378db1","TJMI":2,"TDes":"80127b4a-0125-479b-90f2-f520e6e24e5b","TJDI":0,"IsRe":false,"SiMu":85},{"JMID":0,"FTyp":2,"Symb":"00230021003D","TMod":"fefe33fe-b6f7-4f0a-86ec-5bb7fe378db1","TJMI":2,"TDes":"80127b4a-0125-479b-90f2-f520e6e24e5b","TJDI":0,"IsRe":false,"SiMu":85},{"JMID":2,"FTyp":2,"Symb":"006100620063","TMod":"f575e68c-a7c1-4c2e-8daa-86cc9a814905","TJMI":0,"TDes":"80127b4a-0125-479b-90f2-f520e6e24e5b","TJDI":0,"IsRe":false,"SiMu":85}]},{"ColN":1,"RowN":0,"FuPr":[{"JMID":1,"FTyp":6,"Symb":"2699000A","SiMu":70},{"JMID":0,"FTyp":6,"Symb":"2699000A","SiMu":70},{"JMID":2,"FTyp":6,"Symb":"2699000A","SiMu":70}]},{"ColN":2,"RowN":0,"FuPr":[{"JMID":1,"SyOu":"002C"},{"JMID":0,"SyOu":"002C"},{"JMID":2,"SyOu":"002C"}],"FuHo":[{"JMID":1,"PopK":{"Keys":[{"ColN":0,"RowN":0,"Func":{"JMID":-2,"SyOu":"0021"}}]},"FTyp":5,"Symb":"0021"},{"JMID":0,"PopK":{"Keys":[{"ColN":0,"RowN":0,"Func":{"JMID":-2,"SyOu":"25CB0306"}},{"ColN":1,"RowN":0,"Func":{"JMID":-2,"SyOu":"25CB030C"}},{"ColN":2,"RowN":0,"Func":{"JMID":-2,"SyOu":"0021"}},{"ColN":3,"RowN":0,"Func":{"JMID":-2,"SyOu":"25CB0304"}},{"ColN":4,"RowN":0,"Func":{"JMID":-2,"SyOu":"25CB0307"}},{"ColN":5,"RowN":0,"Func":{"JMID":-2,"SyOu":"25CB030A"}}]},"FTyp":5,"Symb":"0021"},{"JMID":2,"PopK":{"Keys":[{"ColN":0,"RowN":0,"Func":{"JMID":-2,"SyOu":"0021"}}]},"FTyp":5,"Symb":"0021"}]},{"ColN":3,"RowN":0,"Widt":400,"SuTy":100,"FuPr":[{"JMID":1,"SAsO":false,"Symb":"2423","Outp":"0020"},{"JMID":0,"SAsO":false,"Symb":"2423","Outp":"0020"},{"JMID":2,"SAsO":false,"Symb":"2423","Outp":"0020"}],"FuHo":[{"JMID":1,"PopK":{"Keys":[{"ColN":0,"RowN":0,"Func":{"JMID":-2,"SAsO":false,"Symb":"004D002D00510064","Outp":"2001","SiMu":68}},{"ColN":1,"RowN":0,"Func":{"JMID":-2,"SAsO":false,"Symb":"006E006200730070","Outp":"00A0","SiMu":76}},{"ColN":2,"RowN":0,"Func":{"JMID":-2,"SAsO":false,"Symb":"2205","Outp":"200E"}}]},"FTyp":5,"Symb":"007300700061006300650073","Outp":"007300700061006300650073","XCor":-25},{"JMID":0,"PopK":{"Keys":[{"ColN":0,"RowN":0,"Func":{"JMID":-2,"SAsO":false,"Symb":"004D002D00510064","Outp":"2001","SiMu":68}},{"ColN":1,"RowN":0,"Func":{"JMID":-2,"SAsO":false,"Symb":"006E006200730070","Outp":"00A0","SiMu":76}},{"ColN":2,"RowN":0,"Func":{"JMID":-2,"SAsO":false,"Symb":"2205","Outp":"200E"}}]},"FTyp":5,"Symb":"007300700061006300650073","Outp":"007300700061006300650073","XCor":-25}]},{"ColN":4,"RowN":0,"FuPr":[{"JMID":1,"SyOu":"002E"},{"JMID":0,"SyOu":"002E"},{"JMID":2,"SyOu":"002E"}],"FuHo":[{"JMID":1,"PopK":{"Keys":[{"ColN":0,"RowN":0,"Func":{"JMID":-2,"SyOu":"003F"}}]},"FTyp":5,"Symb":"003F"},{"JMID":0,"PopK":{"Keys":[{"ColN":0,"RowN":0,"Func":{"JMID":-2,"SyOu":"003F"}},{"ColN":1,"RowN":0,"Func":{"JMID":-2,"FTyp":35,"Symb":"D83EDD14","Outp":"D83EDD14"}},{"ColN":2,"RowN":0,"Func":{"JMID":-2,"FTyp":6,"Symb":"2699FE0F","Outp":"2699FE0F","SVIn":0}}]},"FTyp":5,"Symb":"2753D83EDD142699FE0F","SiMu":105,"XCor":-63,"YCor":3},{"JMID":2,"PopK":{"Keys":[{"ColN":0,"RowN":0,"Func":{"JMID":-2,"SyOu":"003F"}}]},"FTyp":5,"Symb":"003F"}]},{"ColN":5,"RowN":0,"Widt":200,"FuPr":[{"JMID":1,"FTyp":16,"Symb":"004F004B","SyNe":"21D2","SyLi":"23CE","SySa":"2315","SySe":"21F0"},{"JMID":0,"FTyp":16,"Symb":"004F004B","SyNe":"21D2","SyLi":"23CE","SySa":"2315","SySe":"21F0"},{"JMID":2,"FTyp":16,"Symb":"004F004B","SyNe":"21D2","SyLi":"23CE","SySa":"2315","SySe":"21F0"}]},{"ColN":0,"RowN":1,"Widt":150,"FuPr":[{"JMID":1,"FTyp":2,"Symb":"21E9","TMod":"f575e68c-a7c1-4c2e-8daa-86cc9a814905","TJMI":0,"TDes":"80127b4a-0125-479b-90f2-f520e6e24e5b","TJDI":0,"IsRe":false},{"JMID":0,"FTyp":2,"Symb":"21E7","TMod":"bdf7f491-79ee-403d-9718-ef407469a708","TJMI":1,"TDes":"80127b4a-0125-479b-90f2-f520e6e24e5b","TJDI":0,"IsRe":true},{"JMID":2,"FTyp":2,"Symb":"2328","TMod":"fefe33fe-b6f7-4f0a-86ec-5bb7fe378db1","TJMI":2,"TDes":"80127b4a-0125-479b-90f2-f520e6e24e5b","TJDI":0,"IsRe":false}],"FuHo":[{"JMID":0,"FTyp":2,"Symb":"21EA","TMod":"bdf7f491-79ee-403d-9718-ef407469a708","TJMI":1,"TDes":"80127b4a-0125-479b-90f2-f520e6e24e5b","TJDI":0,"IsRe":false}]},{"ColN":1,"RowN":1,"FuPr":[{"JMID":1,"SyOu":"005A"},{"JMID":0,"SyOu":"007A"},{"JMID":2,"SyOu":"003C"}],"FuRi":[{"JMID":1,"SyOu":"005A030C","SiMu":169,"XCor":7,"YCor":-9},{"JMID":0,"SyOu":"007A030C","SiMu":151,"XCor":5,"YCor":-11}]},{"ColN":2,"RowN":1,"FuPr":[{"JMID":1,"SyOu":"0058"},{"JMID":0,"SyOu":"0078"},{"JMID":2,"SyOu":"003E"}],"FuHo":[{"JMID":1,"SAsO":false,"Symb":"25CB0303","Outp":"0303","SiMu":173,"XCor":9,"YCor":11},{"JMID":0,"SAsO":false,"Symb":"25CB0303","Outp":"0303","SiMu":167,"XCor":9,"YCor":11}]},{"ColN":3,"RowN":1,"FuPr":[{"JMID":1,"SyOu":"0043"},{"JMID":0,"SyOu":"0063"},{"JMID":2,"SyOu":"007C"}],"FuUp":[{"JMID":1,"SyOu":"0427","SiMu":149,"XCor":25,"YCor":4},{"JMID":0,"SyOu":"0447","SiMu":171,"XCor":25,"YCor":8}],"FuRi":[{"JMID":1,"SyOu":"010C","SiMu":163,"XCor":7,"YCor":-14},{"JMID":0,"SyOu":"010D","SiMu":149,"XCor":7,"YCor":-11}],"FuDo":[{"JMID":1,"SyOu":"00C7","SiMu":145,"XCor":24,"YCor":19},{"JMID":0,"SyOu":"00E7","SiMu":148,"XCor":25,"YCor":18}],"FuLe":[{"JMID":1,"SyOu":"00C7030C","SiMu":161,"XCor":-8,"YCor":14},{"JMID":0,"SyOu":"00E7030C","SiMu":149,"XCor":-8,"YCor":13}]},{"ColN":4,"RowN":1,"FuPr":[{"JMID":1,"SyOu":"0056"},{"JMID":0,"SyOu":"0076"},{"JMID":2,"SyOu":"002B"}]},{"ColN":5,"RowN":1,"FuPr":[{"JMID":1,"SyOu":"0042"},{"JMID":0,"SyOu":"0062"},{"JMID":2,"SyOu":"002D"}]},{"ColN":6,"RowN":1,"FuPr":[{"JMID":1,"SyOu":"004E"},{"JMID":0,"SyOu":"006E"},{"JMID":2,"SyOu":"003B"}],"FuUp":[{"JMID":1,"SyOu":"0539","SiMu":150,"XCor":27,"YCor":7},{"JMID":0,"SyOu":"0569","SiMu":144,"XCor":26,"YCor":1}],"FuRi":[{"JMID":1,"SyOu":"00D1","SiMu":160,"XCor":7,"YCor":-10},{"JMID":0,"SyOu":"00F1","SiMu":172,"XCor":5,"YCor":-8}],"FuLe":[{"JMID":1,"SyOu":"014A","SiMu":156,"XCor":-9,"YCor":14},{"JMID":0,"SyOu":"014B","SiMu":171,"XCor":-7,"YCor":19}]},{"ColN":7,"RowN":1,"FuPr":[{"JMID":1,"SyOu":"004D"},{"JMID":0,"SyOu":"006D"},{"JMID":2,"SyOu":"003A"}],"FuRi":[{"JMID":0,"FTyp":0}],"FuLe":[{"JMID":1,"SyOu":"2C6E","SiMu":143,"XCor":-9,"YCor":16},{"JMID":0,"SyOu":"0271","SiMu":138,"XCor":-10,"YCor":16}]},{"ColN":8,"RowN":1,"Widt":150,"SuTy":100,"FuPr":[{"JMID":1,"FTyp":4,"Symb":"232B","ODel":0},{"JMID":0,"FTyp":4,"Symb":"232B","ODel":0},{"JMID":2,"FTyp":4,"Symb":"232B","ODel":0}],"FuHo":[{"JMID":1,"FTyp":4,"Symb":"232B","ODel":0,"ReFT":333,"RePe":88},{"JMID":0,"FTyp":4,"Symb":"232B","ODel":0,"ReFT":333,"RePe":88},{"JMID":2,"FTyp":4,"Symb":"232B","ODel":0,"ReFT":333,"RePe":88}]},{"ColN":0,"RowN":2,"Widt":130,"FuPr":[{"JMID":1,"SyOu":"0041"},{"JMID":0,"SyOu":"0061"},{"JMID":2,"SyOu":"005B"}],"FuUp":[{"JMID":1,"SyOu":"0100","SiMu":147,"XCor":24,"YCor":9},{"JMID":0,"SyOu":"0101","SiMu":120,"XCor":22}],"FuRi":[{"JMID":1,"SyOu":"00C5","SiMu":156,"XCor":10,"YCor":-8},{"JMID":0,"SyOu":"00E5","SiMu":125,"XCor":8,"YCor":-12}],"FuDo":[{"JMID":1,"SyOu":"0102","SiMu":150,"XCor":24,"YCor":23},{"JMID":0,"SyOu":"0103","SiMu":129,"XCor":24,"YCor":20}],"FuLe":[{"JMID":1,"SyOu":"0226","SiMu":158,"XCor":-9,"YCor":17},{"JMID":0,"SyOu":"0227","SiMu":130,"XCor":-10,"YCor":15}]},{"ColN":1,"RowN":2,"FuPr":[{"JMID":1,"SyOu":"0053"},{"JMID":0,"SyOu":"0073"},{"JMID":2,"SyOu":"005D"}],"FuHo":[{"JMID":1,"SAsO":false,"Symb":"25CB0301","Outp":"0301","SiMu":150,"XCor":5,"YCor":6},{"JMID":0,"SAsO":false,"Symb":"25CB0301","Outp":"0301","SiMu":175,"XCor":10,"YCor":11}],"FuRi":[{"JMID":1,"SyOu":"0053030C","SiMu":163,"XCor":7,"YCor":-10},{"JMID":0,"SyOu":"0073030C","SiMu":146,"XCor":5,"YCor":-10}],"FuDo":[{"JMID":1,"SyOu":"010C","SiMu":140,"XCor":23,"YCor":23},{"JMID":0,"SyOu":"00E7","SiMu":148,"XCor":23,"YCor":18}],"FuLe":[{"JMID":1,"SyOu":"01A9","SiMu":160,"XCor":-7,"YCor":15},{"JMID":0,"SyOu":"0283","SiMu":147,"XCor":-5,"YCor":14}]},{"ColN":2,"RowN":2,"FuPr":[{"JMID":1,"SyOu":"0044"},{"JMID":0,"SyOu":"0064"},{"JMID":2,"SyOu":"007B"}],"FuRi":[{"JMID":1,"SyOu":"00D0","SiMu":158,"XCor":8,"YCor":-12},{"JMID":0,"SyOu":"00F0","SiMu":154,"XCor":7,"YCor":-11}],"FuLe":[{"JMID":1,"SyOu":"0110","SiMu":158,"XCor":-7,"YCor":14},{"JMID":0,"SyOu":"0111","SiMu":160,"XCor":-8,"YCor":15}]},{"ColN":3,"RowN":2,"FuPr":[{"JMID":1,"SyOu":"0046"},{"JMID":0,"SyOu":"0066"},{"JMID":2,"SyOu":"007D"}],"FuHo":[{"JMID":1,"SAsO":false,"Symb":"25CB0300","Outp":"0300","SiMu":170,"XCor":6,"YCor":10},{"JMID":0,"SAsO":false,"Symb":"25CB0300","Outp":"0300","SiMu":193,"XCor":7,"YCor":16}],"FuRi":[{"JMID":1,"SyOu":"03A6","SiMu":149,"XCor":5,"YCor":-8},{"JMID":0,"SyOu":"03C6","SiMu":146,"XCor":5,"YCor":-14}],"FuLe":[{"JMID":1,"SyOu":"0278","SiMu":174,"XCor":-7,"YCor":16},{"JMID":0,"SyOu":"0278","SiMu":156,"XCor":-8,"YCor":12}]},{"ColN":4,"RowN":2,"FuPr":[{"JMID":1,"SyOu":"0047"},{"JMID":0,"SyOu":"0067","SiMu":97,"XCor":-2,"YCor":-8},{"JMID":2,"SyOu":"0028"}],"FuUp":[{"JMID":1,"SyOu":"00470303","SiMu":139,"XCor":24,"YCor":7},{"JMID":0,"SyOu":"00670303","SiMu":148,"XCor":21,"YCor":5}],"FuRi":[{"JMID":1,"SyOu":"0047030C","SiMu":150,"XCor":8,"YCor":-11},{"JMID":0,"SyOu":"0067030C","SiMu":145,"XCor":5,"YCor":-13}],"FuDo":[{"JMID":1,"SyOu":"0047030A","SiMu":151,"XCor":26,"YCor":26},{"JMID":0,"SyOu":"0067030A","SiMu":149,"XCor":25,"YCor":22}],"FuLe":[{"JMID":1,"SyOu":"01B7","SiMu":151,"XCor":-6,"YCor":15},{"JMID":0,"SyOu":"0292","SiMu":144,"XCor":-7,"YCor":14}]},{"ColN":5,"RowN":2,"FuPr":[{"JMID":1,"SyOu":"0048"},{"JMID":0,"SyOu":"0068"},{"JMID":2,"SyOu":"0029"}],"FuHo":[{"JMID":1,"PopK":{"Keys":[{"ColN":0,"RowN":0,"Func":{"JMID":-2,"SAsO":false,"Symb":"25CB0302","Outp":"0302"}},{"ColN":1,"RowN":0,"Func":{"JMID":-2,"SyOu":"2014"}},{"ColN":2,"RowN":0,"Func":{"JMID":-2,"SyOu":"002D"}},{"ColN":3,"RowN":0,"Func":{"JMID":-2,"SyOu":"2012"}}]},"FTyp":5,"Symb":"002D25CB0302","Outp":"002D25CB0302","SiMu":119,"XCor":1},{"JMID":0,"PopK":{"Keys":[{"ColN":0,"RowN":0,"Func":{"JMID":-2,"SAsO":false,"Symb":"25CB0302","Outp":"0302"}},{"ColN":1,"RowN":0,"Func":{"JMID":-2,"SyOu":"2014"}},{"ColN":2,"RowN":0,"Func":{"JMID":-2,"SyOu":"002D"}},{"ColN":3,"RowN":0,"Func":{"JMID":-2,"SyOu":"2012"}}]},"FTyp":5,"Symb":"002D25CB0302","Outp":"002D25CB0302","SiMu":119,"XCor":1}],"FuUp":[{"JMID":1,"SAsO":false,"Symb":"22181D34","Outp":"1D34","SiMu":142,"XCor":20,"YCor":9},{"JMID":0,"SAsO":false,"Symb":"221802B0","Outp":"02B0","SiMu":150,"XCor":21,"YCor":11}],"FuLe":[{"JMID":1,"SyOu":"0393","SiMu":154,"XCor":-10,"YCor":15},{"JMID":0,"SyOu":"03B3","SiMu":148,"XCor":-7,"YCor":15}]},{"ColN":6,"RowN":2,"FuPr":[{"JMID":1,"SyOu":"004A"},{"JMID":0,"SyOu":"006A"},{"JMID":2,"SyOu":"002F"}],"FuHo":[{"JMID":1,"SyOu":"25CB0323","SiMu":151,"XCor":11,"YCor":-3},{"JMID":0,"SAsO":false,"Symb":"25CB0323","Outp":"0323","SiMu":184,"XCor":13,"YCor":-1}],"FuRi":[{"JMID":1,"SyOu":"0047030C","SiMu":154,"XCor":7,"YCor":-8},{"JMID":0,"SyOu":"0067030C","SiMu":156,"XCor":6,"YCor":-13}]},{"ColN":7,"RowN":2,"FuPr":[{"JMID":1,"SyOu":"004B"},{"JMID":0,"SyOu":"006B"},{"JMID":2,"SyOu":"005C"}]},{"ColN":8,"RowN":2,"Widt":130,"FuPr":[{"JMID":1,"SyOu":"004C"},{"JMID":0,"SyOu":"006C"},{"JMID":2,"SyOu":"002A"}],"FuHo":[{"JMID":1,"PopK":{"Keys":[{"ColN":0,"RowN":0,"Func":{"JMID":-2,"SyOu":"002F"}}]},"FTyp":5,"Symb":"002F","Outp":"002F"},{"JMID":0,"PopK":{"Keys":[{"ColN":0,"RowN":0,"Func":{"JMID":-2,"SyOu":"002F"}}]},"FTyp":5,"Symb":"002F","Outp":"002F"}],"FuLe":[{"JMID":0,"SAsO":false,"Symb":"25CB0301","Outp":"0301","SiMu":196,"XCor":-6,"YCor":17}]},{"ColN":0,"RowN":3,"FuPr":[{"JMID":1,"SyOu":"0051"},{"JMID":0,"SyOu":"0071"},{"JMID":2,"SyOu":"0040"}],"FuHo":[{"JMID":1,"PopK":{"Keys":[{"ColN":0,"RowN":0,"Func":{"JMID":-2,"SyOu":"0040"}}]},"FTyp":5,"Symb":"0040"},{"JMID":0,"PopK":{"Keys":[{"ColN":0,"RowN":0,"Func":{"JMID":-2,"SyOu":"0040"}}]},"FTyp":5,"Symb":"0040"}],"FuRi":[{"JMID":1,"SAsO":false,"Symb":"0055","Outp":"00510055","SiMu":166,"XCor":3,"YCor":-14},{"JMID":0,"SAsO":false,"Symb":"0075","Outp":"00710075","SiMu":169,"XCor":3,"YCor":-9}]},{"ColN":1,"RowN":3,"FuPr":[{"JMID":1,"SyOu":"0057"},{"JMID":0,"SyOu":"0077"},{"JMID":2,"SyOu":"0027"}],"FuHo":[{"JMID":0,"FTyp":0,"SiMu":198,"XCor":13,"YCor":14}],"FuUp":[{"JMID":1,"SyOu":"00570304","SiMu":131,"XCor":24,"YCor":6},{"JMID":0,"SyOu":"00770304","SiMu":120,"XCor":24}],"FuRi":[{"JMID":1,"SyOu":"1E80","SiMu":127,"XCor":9,"YCor":-11},{"JMID":0,"SyOu":"1E81","SiMu":125,"XCor":9,"YCor":-9}]},{"ColN":2,"RowN":3,"FuPr":[{"JMID":1,"SyOu":"0045"},{"JMID":0,"SyOu":"0065"},{"JMID":2,"SyOu":"007E"}],"FuHo":[{"JMID":1,"PopK":{"Keys":[{"ColN":0,"RowN":0,"Func":{"JMID":-2,"SyOu":"20AC"}}]},"FTyp":5,"Symb":"20AC","Outp":"20AC","SiMu":112,"XCor":8,"YCor":-3},{"JMID":0,"PopK":{"Keys":[{"ColN":0,"RowN":0,"Func":{"JMID":-2,"SyOu":"20AC"}}]},"FTyp":5,"Symb":"20AC","SiMu":112,"XCor":8,"YCor":-3}],"FuUp":[{"JMID":1,"SyOu":"0112","SiMu":130,"XCor":24,"YCor":7},{"JMID":0,"SyOu":"0113","SiMu":120,"XCor":24}],"FuDo":[{"JMID":1,"SyOu":"00C6","SiMu":148,"XCor":21,"YCor":22},{"JMID":0,"SyOu":"00E6","SiMu":120,"XCor":27,"YCor":19}],"FuLe":[{"JMID":1,"SyOu":"0116","SiMu":149,"XCor":-9,"YCor":13},{"JMID":0,"SyOu":"0117","SiMu":120,"XCor":-11,"YCor":13}]},{"ColN":3,"RowN":3,"FuPr":[{"JMID":1,"SyOu":"0052"},{"JMID":0,"SyOu":"0072"},{"JMID":2,"SyOu":"00B0"}],"FuHo":[{"JMID":1,"SAsO":false,"Symb":"25CB0309","Outp":"0309","SiMu":152,"XCor":8,"YCor":8},{"JMID":0,"SAsO":false,"Symb":"25CB0309","Outp":"0309","SiMu":147,"XCor":10,"YCor":8}],"FuRi":[{"JMID":1,"SyOu":"00520300","SiMu":164,"XCor":8,"YCor":-8},{"JMID":0,"SyOu":"00720300","SiMu":149,"XCor":9,"YCor":-10}]},{"ColN":4,"RowN":3,"FuPr":[{"JMID":1,"SyOu":"0054"},{"JMID":0,"SyOu":"0074"},{"JMID":2,"SyOu":"20AC"}],"FuUp":[{"JMID":1,"SyOu":"005402831D3A","SiMu":118,"XCor":24,"YCor":2},{"JMID":0,"SyOu":"02A7207F","SiMu":128,"XCor":24,"YCor":3}],"FuRi":[{"JMID":1,"SyOu":"0398","SiMu":154,"XCor":5,"YCor":-11},{"JMID":0,"SyOu":"03B8","SiMu":144,"XCor":7,"YCor":-10}],"FuDo":[{"JMID":1,"SyOu":"00540283","SiMu":144,"XCor":20,"YCor":19},{"JMID":0,"SyOu":"02A7","SiMu":125,"XCor":25,"YCor":19}],"FuLe":[{"JMID":1,"SyOu":"00D0","SiMu":150,"XCor":-6,"YCor":14},{"JMID":0,"SyOu":"00F0","SiMu":148,"XCor":-7,"YCor":16}]},{"ColN":5,"RowN":3,"FuPr":[{"JMID":1,"SyOu":"0059"},{"JMID":0,"SyOu":"0079"},{"JMID":2,"SyOu":"003D"}],"FuHo":[{"JMID":0,"PopK":{"Keys":[{"ColN":0,"RowN":0,"Func":{"JMID":-2,"SyOu":"005C"}}]},"FTyp":5,"Symb":"005C"}],"FuUp":[{"JMID":1,"SyOu":"0232","SiMu":142,"XCor":23,"YCor":8},{"JMID":0,"SyOu":"0233","SiMu":142,"XCor":22,"YCor":7}],"FuDo":[{"JMID":0,"SyOu":"00790307","SiMu":147,"XCor":-8,"YCor":-9}],"FuLe":[{"JMID":1,"SyOu":"00590307","SiMu":146,"XCor":-9,"YCor":15}]},{"ColN":6,"RowN":3,"FuPr":[{"JMID":1,"SyOu":"0055"},{"JMID":0,"SyOu":"0075"},{"JMID":2,"SyOu":"005F"}],"FuHo":[{"JMID":1,"PopK":{"Keys":[{"ColN":0,"RowN":0,"Func":{"JMID":-2,"SyOu":"01AF"}},{"ColN":1,"RowN":0,"Func":{"JMID":-2,"SyOu":"01AF01A0"}}]},"FTyp":5,"Symb":"01AF","Outp":"01AF","SiMu":129,"XCor":-59,"YCor":4},{"JMID":0,"PopK":{"Keys":[{"ColN":0,"RowN":0,"Func":{"JMID":-2,"SyOu":"01B0"}},{"ColN":1,"RowN":0,"Func":{"JMID":-2,"SyOu":"01B001A1"}}]},"FTyp":5,"Symb":"01B0","Outp":"01B0","SiMu":167,"XCor":-58,"YCor":6}],"FuUp":[{"JMID":1,"SyOu":"016A","SiMu":138,"XCor":24,"YCor":8},{"JMID":0,"SyOu":"016B","SiMu":120,"XCor":25}],"FuRi":[{"JMID":1,"SyOu":"0222","SiMu":152,"XCor":9,"YCor":-11},{"JMID":0,"SyOu":"0223","SiMu":129,"XCor":9,"YCor":-12}],"FuDo":[{"JMID":1,"SyOu":"016C","SiMu":141,"XCor":24,"YCor":24},{"JMID":0,"SyOu":"016D","SiMu":137,"XCor":25,"YCor":23}],"FuLe":[{"JMID":1,"SyOu":"00550307","SiMu":148,"XCor":-8,"YCor":15},{"JMID":0,"SyOu":"00750307","SiMu":136,"XCor":-8,"YCor":15}]},{"ColN":7,"RowN":3,"FuPr":[{"JMID":1,"SyOu":"0049"},{"JMID":0,"SyOu":"0069"},{"JMID":2,"SyOu":"0023"}],"FuHo":[{"JMID":0,"PopK":{"Keys":[{"ColN":0,"RowN":0,"Func":{"JMID":-2,"SyOu":"003A"}}]},"FTyp":5,"Symb":"003A"}],"FuUp":[{"JMID":1,"SyOu":"012A","SiMu":153,"XCor":12,"YCor":12},{"JMID":0,"SyOu":"012B","SiMu":152,"XCor":14,"YCor":8}]},{"ColN":8,"RowN":3,"FuPr":[{"JMID":1,"SyOu":"004F"},{"JMID":0,"SyOu":"006F"},{"JMID":2,"SyOu":"0025"}],"FuHo":[{"JMID":1,"PopK":{"Keys":[{"ColN":0,"RowN":0,"Func":{"JMID":-2,"SyOu":"01A0"}}]},"FTyp":5,"Symb":"01A0","Outp":"01A0","SiMu":144,"XCor":-57,"YCor":8},{"JMID":0,"PopK":{"Keys":[{"ColN":0,"RowN":0,"Func":{"JMID":-2,"SyOu":"01A1"}}]},"FTyp":5,"Symb":"01A1","Outp":"01A1","SiMu":179,"XCor":-58,"YCor":8}],"FuUp":[{"JMID":1,"SyOu":"014C","SiMu":140,"XCor":24,"YCor":8},{"JMID":0,"SyOu":"014D","SiMu":125,"XCor":25}],"FuRi":[{"JMID":1,"SyOu":"00D4","SiMu":145,"XCor":8,"YCor":-9},{"JMID":0,"SyOu":"00F4","SiMu":130,"XCor":7,"YCor":-12}],"FuDo":[{"JMID":1,"SyOu":"0152","SiMu":147,"XCor":24,"YCor":20},{"JMID":0,"SyOu":"0153","SiMu":123,"XCor":25,"YCor":19}],"FuLe":[{"JMID":1,"SyOu":"004F0307","SiMu":143,"XCor":-9,"YCor":15},{"JMID":0,"SyOu":"006F0307","SiMu":132,"XCor":-9,"YCor":15}]},{"ColN":9,"RowN":3,"FuPr":[{"JMID":1,"SyOu":"0050"},{"JMID":0,"SyOu":"0070"},{"JMID":2,"SyOu":"007400680078"}],"FuHo":[{"JMID":0,"PopK":{"Keys":[{"ColN":0,"RowN":0,"Func":{"JMID":-2,"SyOu":"003B"}}]},"FTyp":5,"Symb":"003B"}],"FuLe":[{"JMID":1,"SyOu":"03A6","SiMu":159,"XCor":-6,"YCor":13},{"JMID":0,"SyOu":"03C6","SiMu":155,"XCor":-7,"YCor":13}]},{"ColN":0,"RowN":4,"FuPr":[{"JMID":1,"SyOu":"0031"},{"JMID":0,"SyOu":"0031"},{"JMID":2,"SyOu":"005E"}],"FuHo":[{"JMID":1,"PopK":{"Keys":[{"ColN":0,"RowN":0,"Func":{"JMID":-2,"SyOu":"0021"}}]},"FTyp":5,"Symb":"0021"},{"JMID":0,"PopK":{"Keys":[{"ColN":0,"RowN":0,"Func":{"JMID":-2,"SyOu":"0021"}}]},"FTyp":5,"Symb":"0021"}]},{"ColN":1,"RowN":4,"FuPr":[{"JMID":1,"SyOu":"0032"},{"JMID":0,"SyOu":"0032"},{"JMID":2,"SyOu":"00B2"}],"FuHo":[{"JMID":1,"PopK":{"Keys":[{"ColN":0,"RowN":0,"Func":{"JMID":-2,"SyOu":"0022"}}]},"FTyp":5,"Symb":"0022"},{"JMID":0,"PopK":{"Keys":[{"ColN":0,"RowN":0,"Func":{"JMID":-2,"SyOu":"0022"}}]},"FTyp":5,"Symb":"0022"}]},{"ColN":2,"RowN":4,"FuPr":[{"JMID":1,"SyOu":"0033"},{"JMID":0,"SyOu":"0033"},{"JMID":2,"SyOu":"00B3"}],"FuHo":[{"JMID":1,"PopK":{"Keys":[{"ColN":0,"RowN":0,"Func":{"JMID":-2,"SyOu":"00A7"}}]},"FTyp":5,"Symb":"00A7"},{"JMID":0,"PopK":{"Keys":[{"ColN":0,"RowN":0,"Func":{"JMID":-2,"SyOu":"00A7"}},{"ColN":1,"RowN":0,"Func":{"JMID":-2,"SyOu":"00A3"}}]},"FTyp":5,"Symb":"00A7002000A3"}]},{"ColN":3,"RowN":4,"FuPr":[{"JMID":1,"SyOu":"0034"},{"JMID":0,"SyOu":"0034"},{"JMID":2,"SyOu":"003A002D0029"}],"FuHo":[{"JMID":1,"PopK":{"Keys":[{"ColN":0,"RowN":0,"Func":{"JMID":-2,"SyOu":"0024"}}]},"FTyp":5,"Symb":"0024"},{"JMID":0,"PopK":{"Keys":[{"ColN":0,"RowN":0,"Func":{"JMID":-2,"SyOu":"0024"}}]},"FTyp":5,"Symb":"0024"}]},{"ColN":4,"RowN":4,"FuPr":[{"JMID":1,"SyOu":"0035"},{"JMID":0,"SyOu":"0035"},{"JMID":2,"SyOu":"003B002D0029"}],"FuHo":[{"JMID":1,"PopK":{"Keys":[{"ColN":0,"RowN":0,"Func":{"JMID":-2,"SyOu":"0025"}}]},"FTyp":5,"Symb":"0025"},{"JMID":0,"PopK":{"Keys":[{"ColN":0,"RowN":0,"Func":{"JMID":-2,"SyOu":"0025"}}]},"FTyp":5,"Symb":"0025"}]},{"ColN":5,"RowN":4,"FuPr":[{"JMID":1,"SyOu":"0036"},{"JMID":0,"SyOu":"0036"},{"JMID":2,"SyOu":"003A002D0028"}],"FuHo":[{"JMID":1,"PopK":{"Keys":[{"ColN":0,"RowN":0,"Func":{"JMID":-2,"SyOu":"0026"}}]},"FTyp":5,"Symb":"0026"},{"JMID":0,"PopK":{"Keys":[{"ColN":0,"RowN":0,"Func":{"JMID":-2,"SyOu":"0026"}}]},"FTyp":5,"Symb":"0026"}]},{"ColN":6,"RowN":4,"FuPr":[{"JMID":1,"SyOu":"0037"},{"JMID":0,"SyOu":"0037"},{"JMID":2,"SyOu":"003A002D0044"}],"FuHo":[{"JMID":1,"PopK":{"Keys":[{"ColN":0,"RowN":0,"Func":{"JMID":-2,"SyOu":"002F"}}]},"FTyp":5,"Symb":"002F"},{"JMID":0,"PopK":{"Keys":[{"ColN":0,"RowN":0,"Func":{"JMID":-2,"SyOu":"002F"}}]},"FTyp":5,"Symb":"002F"}]},{"ColN":7,"RowN":4,"FuPr":[{"JMID":1,"SyOu":"0038"},{"JMID":0,"SyOu":"0038"},{"JMID":2,"SyOu":"0038002D0029"}],"FuHo":[{"JMID":1,"PopK":{"Keys":[{"ColN":0,"RowN":0,"Func":{"JMID":-2,"SyOu":"0028"}}]},"FTyp":5,"Symb":"0028"},{"JMID":0,"PopK":{"Keys":[{"ColN":0,"RowN":0,"Func":{"JMID":-2,"SyOu":"0028"}}]},"FTyp":5,"Symb":"0028"}],"FuUp":[{"JMID":0,"FTyp":0}]},{"ColN":8,"RowN":4,"FuPr":[{"JMID":1,"SyOu":"0039"},{"JMID":0,"SyOu":"0039"},{"JMID":2,"SyOu":"003A002D0058"}],"FuHo":[{"JMID":1,"PopK":{"Keys":[{"ColN":0,"RowN":0,"Func":{"JMID":-2,"SyOu":"0029"}}]},"FTyp":5,"Symb":"0029"},{"JMID":0,"PopK":{"Keys":[{"ColN":0,"RowN":0,"Func":{"JMID":-2,"SyOu":"0029"}}]},"FTyp":5,"Symb":"0029"}]},{"ColN":9,"RowN":4,"FuPr":[{"JMID":1,"SyOu":"0030"},{"JMID":0,"SyOu":"0030"},{"JMID":2,"SyOu":"003A002D002A"}],"FuHo":[{"JMID":1,"PopK":{"Keys":[{"ColN":0,"RowN":0,"Func":{"JMID":-2,"SyOu":"003D"}}]},"FTyp":5,"Symb":"003D"},{"JMID":0,"PopK":{"Keys":[{"ColN":0,"RowN":0,"Func":{"JMID":-2,"SyOu":"003D"}}]},"FTyp":5,"Symb":"003D"}]}]}], "Export Version": 1.0, "End": true}